E-TOW,0
E-Foil,27513.5643
"DELETE ME",804279.176847
"Custom Logos",969.854881
"Boat Lessons",11866.030039
"E Foil Lessons",10134.97
"E-Tow Lessons",1283.9679
"Wingfoil Lessons",19927.881
"Trainer Kites & Packages",0
"Kiteboarding Lessons",174499.326945
"Kitesurfing Kites",979072.641659
"Flotation Device",0
"Kite and Board Bags",11589.78455
"Kite Pumps",72541.6690865
"Twin Tip Kiteboards",100588.006531
"Kite Surfboards",36754.4886
"Pads, Straps & Components",85094.695842
"Kiteboard & Kite Surfboard Fins",9932.696
"Waist Harness",77384.219004
"Seat Harness",59474.886129
"Impact Vests & Impact Harnesses",39080.539474
"Kite Harness Accessories",42696.770335
"Chicken Loops",16827.03575
"Control Bars",312440.735755
"Replacement Parts",2380.235674
"Safety Leashes",14453.409904
"Replacement Lines",8281.614961
"Kite, Bladder & Board Repair",7987.961406
"Leading Edge Bladder",8240.833088
"Strut Bladder",5963.389581
"Replacement Valves for Bladders",28097.3909575
"All Around Paddleboards",70846.354893
"Racing and Touring Paddleboards",2459.93
"Surfing Paddleboards",127623.0454
"Fishing Paddleboards",36989.6592
"Inflatable Paddleboards",5356.3093
"Used Paddleboards",0
"1 Piece Standard Paddles",13576.4773
"2 Piece Adjustable Paddles",41399.28465
"3 Piece Adjustable Paddles",262.7278
"Racing Paddles",2765.24
"SUP Fins",6775.8255
Leashes,18575.365652
"Board & Paddle Bags",3389.188749
"Board Accessories",1234.774974
"Board & Paddle Protection",10782.840398
"Repair Products",1871.614591
"Car Rack Accessories",18380.141744
Wakeboards,14187.681755
"Wakesurfers & Skimboards",47179.809813
"Wake Bindings",768.26
"Life Jackets & Impact Vests",28273.850353
"Wakeboard Rope",20189.666448
"Dock Start Foiling",798
Downwinders,35418.8451
"Foil Accessories",27869.192747
"Foil Kits",79550.707375
Masts,170524.341326
"Wing Foil Bags",23715.608768
"Wing Foil Lesson",0
"Wingsurfer Wings",728786.207687
"Wing Foilboard",335469.86309
"Kite Foilboard",66745.4824
"Paddle Foilboard",9068.8186
"Wake Foilboard",1336.43
"Surf Foilboard",39089.475048
"Hydrofoil Wings",343814.62662099
"Wing Accessories Large",3162.3
Ponchos,4729.293
T-Shirts,9136.205408
Wetsuits,37671.6421
"Wetsuit Tops",11184.765
"Jackets/ Neo Jackets",3821.8046
"Rash Guards",6611.138699
"Seat Covers",354.9772
Booties,2906.7359
"Swim Shorts",8146.063049
Helmets,42761.455085
Costa,1216.59
"Ocean Eyes",7892.0616
Cobian,10353.341358
Rainbow,8735.574609
Gloves,2813.893
"Waterproof Packs",452.5544
Sunscreen,5644.820657
Boards,8342.4288
"Traction Pads",587.806549
"Board Bags",3002.7732
Leashes,976.784318
"Replacement Fins",2252.05885
"Rescue Sleds Accessories",23016.097552
"Electric Skateboards",49692.0472
"Gift Certificates",17013.78
"Dual Line",3345.9435
Jackite,11916.385928
Diamond,19.2065
"Easy Flyers",14684.383514
Parafoils,24107.001815
"Kite Lines/Tails",4181.208756
"Animal Spinners",6082.069497
"Automobile / Train Spinners",7737.188869
"Bike Spinners",5654.87493
"Bird Spinners",17731.266706
"Fish Spinners",0
"Flower Spinners",0
"Holiday Spinners",0
"Hot Air Balloon Spinners",0
"Insect Spinners",0
"Metal Spinners",4811.623155
"Patriotic & Rainbow Spinners",1686.641
"Plane Spinners",0
"spinner accessories",0
"Spiral Spinners",0
"Triple Spinners",1319.9995
"U.S. Spinners",0
Windicators,825.3231
"Flag Poles & Accessories",7262.9472
"Administration Products",95127.3226935
"Masks, Snorkels, & Fins",10247.532298
"Skimboards / Boogie Boards",9729.0493
"Wind Chimes",0
Jewelry,2015.5162
Croakies,1152.533149
"Air Freshners/ Wax",4075.47471
Stickers,1056.981096
"Beach Stuff",23462.017062
Custom,3948701.702304
